Character,Accuracy,Precision (Macro),Recall (Macro),F1 Score (Macro),Precision (Weighted),Recall (Weighted),F1 Score (Weighted)
Lady Macbeth,0.8813559322033898,0.7651041666666667,0.798139880952381,0.7696496212121212,0.8892655367231639,0.8813559322033898,0.8766050333846944
Ophelia,0.7586206896551724,0.888888888888889,0.811965811965812,0.8196482196482197,0.853448275862069,0.7586206896551724,0.7620534327430879
